method,noise_deg,occlusion_prob,tracking_error_deg,raw_observed_error_deg,persistence_error_deg,improvement_vs_raw_deg,improvement_vs_persistence_deg,mean_ess,transition_model,filter_backend,source_metric,num_particles
raw,10.0,0.25,15.96448359474442,15.96448359474442,18.895724930809585,0.0,2.931241336065165,82.13888001548152,none,none,observed_error_deg,128
persistence,10.0,0.25,18.895724930809585,15.96448359474442,18.895724930809585,-2.931241336065165,0.0,82.13888001548152,deterministic_persistence,none,persistence_error_deg,128
gaussian_rw,10.0,0.25,11.493806947264924,15.96448359474442,18.895724930809585,4.470676647479497,7.401917983544662,82.13888001548152,gaussian_rw,numpy,filter_error_deg,128
pyrecest_pf,10.0,0.25,11.493806947264924,15.96448359474442,18.895724930809585,4.470676647479497,7.401917983544662,82.13888001548149,gaussian_rw,pyrecest,filter_error_deg,128
mlp_delta,10.0,0.25,10.610176944552421,15.96448359474442,18.895724930809585,5.354306650191999,8.285547986257164,81.24488146304589,mlp_delta,numpy,filter_error_deg,128
